{
    "loss": 3.7069809436798096,
    "accuracy": 0.517241358757019
}